asset,width,height,format,bytes,metadata_error
/111logo.png,216,241,png,66855,
/1logo.png,120,63,png,13199,
/about/Popcorn_ceiling_removal_team.png,640,611,png,783741,
/about/wallpaper-removal-proteam.png,600,400,png,456509,
/android-chrome-192x192 11.17.06 PM.png,,,,,Input file contains unsupported image format
/android-chrome-512x512 11.17.06 PM.png,,,,,Input file contains unsupported image format
/apple-touch-icon 11.17.06 PM.png,,,,,Input file contains unsupported image format
/blog/ drywall-repair-mistakes.PNG,640,640,png,843440,
/blog/POPCORN-CEILING-REMOVAL-BURLINGTON.png,1366,908,png,2130774,
/blog/POPCORN-CEILING-REMOVAL-PREP.png,1366,908,png,2111981,
/blog/POPCORN-CEILINGREMOVAL-OAKVILLE.png,1366,908,png,2223321,
/blog/ancaster-popcorn-ceiling-asbestos-featured.png,1672,941,png,2030854,
/blog/ancaster-popcorn-ceiling-condo-featured.png,1672,941,png,2443211,
/blog/ancaster-popcorn-ceiling-painted-featured.png,1672,941,png,2395626,
/blog/ancaster-popcorn-ceiling-pot-lights-featured.png,1672,941,png,2270972,
/blog/ancaster-popcorn-ceiling-skim-featured.png,1672,941,png,1971614,
/blog/asbestos-popcorn-ceiling-testing-mississauga-featured.png,1672,941,png,2021561,
/blog/baseboard-installation-mississauga-featured.png,1672,941,png,2232101,
/blog/basement-drywall-contractor-hamilton-featured.png,1662,946,png,1840279,
/blog/basement-drywall-taping-mudding-burlington-featured.webp,1536,1024,webp,53508,
/blog/basement-drywall-taping-mudding-grimsby-featured.webp,1536,1024,webp,92864,
/blog/basement-drywall-taping-mudding-hamilton-featured.webp,1536,1024,webp,63372,
/blog/basement-drywall-taping-mudding-mississauga-featured.webp,1536,1024,webp,104954,
/blog/basement-drywall-taping-mudding-oakville-featured.webp,1536,1024,webp,84454,
/blog/basement-drywall-taping-mudding-toronto-featured.webp,1536,1024,webp,73956,
/blog/benefits-of-popcorn-ceiling-removal.png,640,427,png,547588,
/blog/burlington-popcorn-ceiling-asbestos-featured.png,1672,941,png,2614185,
/blog/burlington-popcorn-ceiling-condo-featured.png,1672,941,png,2644547,
/blog/burlington-popcorn-ceiling-painted-featured.png,1672,941,png,2397071,
/blog/burlington-popcorn-ceiling-pot-lights-featured.png,1672,941,png,2128559,
/blog/burlington-popcorn-ceiling-skim-featured.png,1672,941,png,2074857,
/blog/ceiling-drywall-repair-grimsby-water-damage-featured.png,1672,941,png,1941340,
/blog/ceiling-drywall-repair-mississauga.png,1672,941,png,2031319,
/blog/ceiling-drywall-repair-mississauga.svg,1200,630,svg,1677,
/blog/ceiling-imperfections-after-popcorn-removal-featured.jpg,1536,1024,jpeg,296893,
/blog/ceiling-leak-repair-smooth-finish.png,1672,941,png,2146692,
/blog/ceiling-water-damage-drywall-repair-hamilton-featured.png,1672,941,png,1888179,
/blog/choosing-drywall-repair-company-burlington-featured.png,1536,1024,png,2022745,
/blog/condo-drywall-repair-mississauga.png,1672,941,png,2017673,
/blog/condo-drywall-repair-mississauga.svg,1200,630,svg,2200,
/blog/condo-popcorn-ceiling-removal-mississauga-featured.png,1672,941,png,2077081,
/blog/corner-bead-drywall-repair-ancaster-featured.png,1536,1024,png,2269789,
/blog/corner-bead-drywall-repair-burlington-featured.png,1536,1024,png,2023791,
/blog/corner-bead-drywall-repair-grimsby-featured.png,1536,1024,png,2252014,
/blog/corner-bead-drywall-repair-oakville-featured.png,1536,1024,png,2112434,
/blog/drywall-contractor-basement-renovation-mississauga-featured.png,1672,941,png,2011624,
/blog/drywall-contractor-burlington-guide-featured.png,1672,941,png,2125545,
/blog/drywall-contractor-hamilton-guide-featured.png,1672,941,png,2079114,
/blog/drywall-contractor-mississauga-guide-featured.png,1689,931,png,2035881,
/blog/drywall-contractor-near-me.PNG,640,427,png,514916,
/blog/drywall-contractor-oakville-guide-featured.png,1672,941,png,2200904,
/blog/drywall-crack-repair-mississauga.png,1672,941,png,1850798,
/blog/drywall-crack-repair-mississauga.svg,1200,630,svg,1603,
/blog/drywall-installation00001.PNG,1536,1024,png,2708128,
/blog/drywall-installation00002.PNG,1536,1024,png,2388265,
/blog/drywall-patch-repair-mississauga.png,1672,941,png,1825011,
/blog/drywall-patch-repair-mississauga.svg,1200,630,svg,1900,
/blog/drywall-repair-after-electrical-plumbing-hamilton-featured.png,1672,941,png,1849625,
/blog/drywall-repair-after-electrical-plumbing-mississauga.png,1672,941,png,1805745,
/blog/drywall-repair-after-electrical-plumbing-mississauga.svg,1200,630,svg,1778,
/blog/drywall-repair-after-plumbing-burlington-featured.png,1672,941,png,1684457,
/blog/drywall-repair-before-painting-ancaster-featured.png,1536,1024,png,2063402,
/blog/drywall-repair-before-painting-burlington-featured.png,1536,1024,png,2233597,
/blog/drywall-repair-before-painting-grimsby-featured.png,1536,1024,png,2248345,
/blog/drywall-repair-before-painting-oakville-featured.png,1536,1024,png,2334254,
/blog/drywall-repair-before-selling-home-ancaster-featured.png,1536,1024,png,2008685,
/blog/drywall-repair-before-selling-home-burlington-featured.png,1536,1024,png,2168343,
/blog/drywall-repair-before-selling-home-grimsby-featured.png,1536,1024,png,2014050,
/blog/drywall-repair-before-selling-home-oakville-featured.png,1550,1014,png,2141851,
/blog/drywall-repair-burlington-intent.png,1672,941,png,1779884,
/blog/drywall-repair-cost-burlington-featured.png,1672,941,png,1965816,
/blog/drywall-repair-cost-grimsby-featured.png,1672,941,png,1777371,
/blog/drywall-repair-cost-mississauga.png,1672,941,png,1912414,
/blog/drywall-repair-cost-mississauga.svg,1200,630,svg,1853,
/blog/drywall-repair-drying-time-featured.png,1536,1024,png,2205129,
/blog/drywall-repair-mississauga-intent.png,1672,941,png,1740484,
/blog/drywall-repair-mistakes-show-through-paint.png,1536,1024,png,2242304,
/blog/drywall-repair-mistakes.png,640,427,png,479993,
/blog/drywall-repair-oakville-intent.png,1672,941,png,1936960,
/blog/drywall-repair-or-installation-burlington-featured.png,1672,941,png,1893155,
/blog/drywall-repair-patching-services.png,400,267,png,219524,
/blog/drywall-repair-quote-checklist-featured.png,1536,1024,png,1962584,
/blog/drywall-repair-vs-skimming-garage-walls-featured.webp,1536,1024,webp,96466,
/blog/drywall-repair.png,640,427,png,533201,
/blog/drywall-repair00001.PNG,640,427,png,536490,
/blog/drywall-repair00002.PNG,640,427,png,537886,
/blog/drywall-repair00003.PNG,640,427,png,539755,
/blog/drywall-repair00004.PNG,640,427,png,533042,
/blog/drywall-repar-Mississauga.PNG,1024,1024,png,2020484,
/blog/drywall-repiar-wall.PNG,320,320,png,211964,
/blog/drywall-tape-repair-ancaster-featured.png,1536,1024,png,2327062,
/blog/drywall-tape-repair-burlington-featured.png,1536,1024,png,2235866,
/blog/drywall-tape-repair-grimsby-featured.png,1536,1024,png,2303044,
/blog/drywall-tape-repair-oakville-featured.png,1536,1024,png,2112550,
/blog/dustless-drywall-repair-mississauga.png,1672,941,png,1871002,
/blog/dustless-drywall-repair-mississauga.svg,1200,630,svg,1789,
/blog/dustless-popcorn-ceiling-removal-oakville-featured.png,1745,901,png,2204641,
/blog/fix-bad-drywall-finishing-garage-featured.webp,1536,1024,webp,78846,
/blog/garage-ceiling-drywall-tape-coming-loose-featured.webp,1536,1024,webp,40312,
/blog/garage-drywall-finishing-levels-featured.webp,1536,1024,webp,81020,
/blog/garage-drywall-repair-before-painting-featured.webp,1536,1024,webp,75772,
/blog/garage-drywall-repair-cost-factors-featured.webp,1536,1024,webp,98870,
/blog/garage-drywall-seams-cracking-featured.webp,1536,1024,webp,70326,
/blog/garage-drywall-tape-repair-keeps-failing-featured.webp,1536,1024,webp,98184,
/blog/grimsby-popcorn-ceiling-asbestos-featured.png,1672,941,png,2172764,
/blog/grimsby-popcorn-ceiling-condo-featured.png,1672,941,png,2484493,
/blog/grimsby-popcorn-ceiling-painted-featured.png,1672,941,png,2594184,
/blog/grimsby-popcorn-ceiling-pot-lights-featured.png,1672,941,png,2307691,
/blog/grimsby-popcorn-ceiling-skim-featured.png,1672,941,png,2070911,
/blog/hamilton-popcorn-ceiling-removal.PNG,1024,1536,png,3134113,
/blog/hepa-sanding-containment-smooth-ceiling.png,1672,941,png,1925997,
/blog/how-to-patch-drywall-guide.svg,1200,720,svg,3957,
/blog/how-to-patch-drywall-taper-wall.svg,1200,720,svg,3610,
/blog/image.png,1366,908,png,2097865,
/blog/interior-painting-ancaster-older-home-prep-featured.png,1659,948,png,2125733,
/blog/interior-painting-burlington-walls-trim-ceilings-featured.png,1693,929,png,2290613,
/blog/interior-painting-mississauga-prep-finish-featured.png,1774,887,png,2070184,
/blog/interior-painting-oakville-premium-prep-featured.png,1774,887,png,2124140,
/blog/level-5-drywall-finishing-oakville-featured.png,1686,933,png,1782644,
/blog/oakville-popcorn-ceiling-asbestos-featured.png,1672,941,png,2319643,
/blog/oakville-popcorn-ceiling-condo-featured.png,1672,941,png,2341124,
/blog/oakville-popcorn-ceiling-painted-featured.png,1672,941,png,2776864,
/blog/oakville-popcorn-ceiling-pot-lights-featured.png,1672,941,png,2571438,
/blog/oakville-popcorn-ceiling-removal-contractor-guide-featured.png,1672,941,png,2181924,
/blog/oakville-popcorn-ceiling-skim-featured.png,1672,941,png,2211832,
/blog/painted-popcorn-ceiling-after-flat-finish.png,1536,1024,png,2076632,
/blog/painted-popcorn-ceiling-before-removal.png,1536,1024,png,2943011,
/blog/painted-popcorn-ceiling-options-featured.png,1536,1024,png,2936914,
/blog/painted-popcorn-ceiling-removal-oakville-featured.png,1717,916,png,2553358,
/blog/painted-popcorn-ceiling-skim-coat-process.png,1536,1024,png,2541625,
/blog/painted-vs-unpainted-popcorn-ceiling-removal-mississauga-featured.png,1672,941,png,2812406,
/blog/popcorn-ceiling-removal-before-selling-oakville-home-featured.png,1754,896,png,2011155,
/blog/popcorn-ceiling-removal-burlington-local-guide-featured.png,1672,941,png,1685435,
/blog/popcorn-ceiling-removal-contractor-mississauga.PNG,640,427,png,554584,
/blog/popcorn-ceiling-removal-cost-canada-factors.svg,1200,630,svg,4681,
/blog/popcorn-ceiling-removal-cost-oakville-featured.png,1672,941,png,2074175,
/blog/popcorn-ceiling-removal-cost-toronto-canada-factors.svg,1200,630,svg,4678,
/blog/popcorn-ceiling-removal-cost-toronto-condo-access.svg,1200,630,svg,3279,
/blog/popcorn-ceiling-removal-cost-toronto-finish-level.svg,1200,630,svg,2845,
/blog/popcorn-ceiling-removal-dundas-local-guide-featured.png,1536,1024,png,2740297,
/blog/popcorn-ceiling-removal-hamilton-local-guide-featured.png,1536,1024,png,2591250,
/blog/popcorn-ceiling-removal-mistakes-damaged-ceiling.png,1536,1024,png,2952106,
/blog/popcorn-ceiling-removal-quote-checklist.png,1672,941,png,2347713,
/blog/popcorn-ceiling-removal-renovation-sequence-featured.jpg,1717,916,jpeg,363009,
/blog/popcorn-ceiling-removal-rental-tools-prep.png,1536,1024,png,2358048,
/blog/popcorn-ceiling-removal-time.png,666,1364,png,1681806,
/blog/popcorn-ceiling-removal-timeline-homeowner-prep.png,1536,1024,png,2317491,
/blog/popcorn-ceiling-removal-timeline-skim-coat-drying.png,1536,1024,png,2057866,
/blog/popcorn-ceiling-removal-timeline-small-bedroom-prep.png,1536,1024,png,2672212,
/blog/popcorn-ceiling-removal-tools.png,666,1364,png,1516542,
/blog/popcorn-ceiling-removal-with-pot-lights-mississauga-featured.png,1672,941,png,1817340,
/blog/popcorn-removal-oakville-cost-finish-guide-featured.png,1672,941,png,2536889,
/blog/popcrorn-removal-smooth.png,666,1364,png,1669369,
/blog/prepare-home-popcorn-ceiling-removal-oakville-featured.png,1758,895,png,2110793,
/blog/remove-popcorn-ceilings.PNG,427,640,png,587648,
/blog/retape-or-replace-garage-drywall-featured.webp,1536,1024,webp,91910,
/blog/scraping-alone-not-smooth-ceiling.png,1536,1024,png,2367001,
/blog/should-i -remove-popcorn-ceiling.PNG,640,427,png,586833,
/blog/skim-coating-after-popcorn-ceiling-removal-mississauga-featured.png,1672,941,png,2529238,
/blog/stucco-popcorn-stipple-ceiling-oakville-featured.png,1758,895,png,2569597,
/blog/water-damaged-drywall-repair-mississauga.png,1672,941,png,1818425,
/blog/water-damaged-drywall-repair-mississauga.svg,1200,630,svg,1624,
/blog/water-damaged-drywall.PNG,427,640,png,533376,
/blog/water-damaged-popcorn-ceiling-repair-featured.jpg,1536,1024,jpeg,511826,
/blog/what-is-popcorn-ceiling.PNG,640,427,png,619976,
/blog/whole-house-interior-painting-mississauga-planning-guide-featured.jpg,1536,1024,jpeg,381202,
/blog/why-drywall-patches-show-through-paint-featured.png,1672,941,png,1800528,
/blog/why-garage-drywall-tape-peels-featured.webp,1536,1024,webp,51908,
/blog/why-remove-stucco-ceiling-benefits.svg,1200,720,svg,4430,
/brand/google-g.svg,24,24,svg,995,
/cities/burlington/1.webp,1600,1000,webp,2928,
/cities/burlington/2.webp,1600,1000,webp,2928,
/cities/burlington/3.webp,1600,1000,webp,2928,
/cities/burlington/4.webp,1600,1000,webp,2928,
/cities/burlington/5.webp,1600,1000,webp,2928,
/cities/burlington/6.webp,1600,1000,webp,2928,
/cities/etobicoke/1.webp,1600,1000,webp,2928,
/cities/etobicoke/2.webp,1600,1000,webp,2928,
/cities/etobicoke/3.webp,1600,1000,webp,2928,
/cities/etobicoke/4.webp,1600,1000,webp,2928,
/cities/etobicoke/5.webp,1600,1000,webp,2928,
/cities/etobicoke/6.webp,1600,1000,webp,2928,
/cities/hamilton/1.webp,1600,1000,webp,2928,
/cities/hamilton/2.webp,1600,1000,webp,2928,
/cities/hamilton/3.webp,1600,1000,webp,2928,
/cities/hamilton/4.webp,1600,1000,webp,2928,
/cities/hamilton/5.webp,1600,1000,webp,2928,
/cities/hamilton/6.webp,1600,1000,webp,2928,
/cities/milton/1.webp,1600,1000,webp,2928,
/cities/milton/2.webp,1600,1000,webp,2928,
/cities/milton/3.webp,1600,1000,webp,2928,
/cities/milton/4.webp,1600,1000,webp,2928,
/cities/milton/5.webp,1600,1000,webp,2928,
/cities/milton/6.webp,1600,1000,webp,2928,
/cities/mississauga/1.webp,1600,1000,webp,2928,
/cities/mississauga/2.webp,1600,1000,webp,2928,
/cities/mississauga/3.webp,1600,1000,webp,2928,
/cities/mississauga/4.webp,1600,1000,webp,2928,
/cities/mississauga/5.webp,1600,1000,webp,2928,
/cities/mississauga/6.webp,1600,1000,webp,2928,
/cities/north-york/1.webp,1600,1000,webp,2928,
/cities/north-york/2.webp,1600,1000,webp,2928,
/cities/north-york/3.webp,1600,1000,webp,2928,
/cities/north-york/4.webp,1600,1000,webp,2928,
/cities/north-york/5.webp,1600,1000,webp,2928,
/cities/north-york/6.webp,1600,1000,webp,2928,
/cities/oakville/1.webp,1600,1000,webp,2928,
/cities/oakville/2.webp,1600,1000,webp,2928,
/cities/oakville/3.webp,1600,1000,webp,2928,
/cities/oakville/4.webp,1600,1000,webp,2928,
/cities/oakville/5.webp,1600,1000,webp,2928,
/cities/oakville/6.webp,1600,1000,webp,2928,
/cities/toronto/1.webp,1600,1000,webp,2928,
/cities/toronto/2.webp,1600,1000,webp,2928,
/cities/toronto/3.webp,1600,1000,webp,2928,
/cities/toronto/4.webp,1600,1000,webp,2928,
/cities/toronto/5.webp,1600,1000,webp,2928,
/cities/toronto/6.webp,1600,1000,webp,2928,
/contact/popcorn-ceiling-removal.png,513,754,png,46891,
/gallery/IMG_2224 Medium.jpeg,640,360,jpeg,25373,
/gallery/Popcorn-ceiling-removal-stcatharines/popcorn-ceiling-removal00001.jpg,899,1200,jpeg,157291,
/gallery/Popcorn-ceiling-removal-stcatharines/popcorn-ceiling-removal00002.jpg,900,1200,jpeg,191273,
/gallery/Popcorn-ceiling-removal-stcatharines/popcorn-ceiling-removal00003.jpg,900,1200,jpeg,180081,
/gallery/Popcorn-ceiling-removal-stcatharines/popcorn-ceiling-removal00004.jpg,900,1200,jpeg,176018,
/gallery/Popcorn-ceiling-removal-stcatharines/popcorn-ceiling-removal00005.jpg,900,1200,jpeg,153146,
/gallery/Popcorn-ceiling-removal-stcatharines/popcorn-ceiling-removal00006.jpg,900,1200,jpeg,147560,
/gallery/Popcorn-ceiling-removal-stcatharines/popcorn-ceiling-removal00007.jpg,900,1200,jpeg,167660,
/gallery/Popcorn-ceiling-removal-stcatharines/popcorn-ceiling-removal00008.jpg,900,1200,jpeg,112068,
/gallery/Popcorn-ceiling-removal-stcatharines/popcorn-ceiling-removal00009.jpg,900,1200,jpeg,166601,
/gallery/Popcorn-ceiling-removal-stcatharines/popcorn-ceiling-removal00010.jpg,300,400,jpeg,50576,
/gallery/Popcorn-ceiling-removal-stcatharines/popcorn-ceiling-removal00011.jpg,300,400,jpeg,44781,
/gallery/Popcorn-ceiling-removal-stcatharines/popcorn-ceiling-removal00012.jpg,300,400,jpeg,57653,
/gallery/Popcorn-ceiling-removal-stcatharines/popcorn-ceiling-removal00013.jpg,300,400,jpeg,48692,
/gallery/Popcorn-ceiling-removal-stcatharines/popcorn-ceiling-removal00014.jpg,300,400,jpeg,52241,
/gallery/Popcorn-ceiling-removal-stcatharines/popcorn-ceiling-removal00015.jpg,300,400,jpeg,31595,
/gallery/Popcorn-ceiling-removal-stcatharines/popcorn-ceiling-removal00016.jpg,300,400,jpeg,30890,
/gallery/Popcorn-ceiling-removal-stcatharines/popcorn-ceiling-removal00017.jpg,300,400,jpeg,33674,
/gallery/Popcorn-ceiling-removal-stcatharines/popcorn-ceiling-removal00018.jpg,300,400,jpeg,34594,
/gallery/Popcorn-ceiling-removal-stcatharines/popcorn-ceiling-removal00019.jpg,300,400,jpeg,26534,
/gallery/Popcorn-ceiling-removal-stcatharines/popcorn-ceiling-removal00020.jpg,300,400,jpeg,24033,
/gallery/Popcorn-ceiling-removal-stcatharines/popcorn-ceiling-removal00021.jpg,300,400,jpeg,45707,
/gallery/Popcorn-ceiling-removal-stcatharines/popcorn-ceiling-removal00022.jpg,,,,,Input file contains unsupported image format
/gallery/Popcorn-ceiling-removal-stcatharines/popcorn-ceiling-removal00023.jpg,300,400,jpeg,35535,
/gallery/Popcorn-ceiling-removal-stcatharines/popcorn-ceiling-removal00024.jpg,300,400,jpeg,36397,
/gallery/Popcorn-ceiling-removal-stcatharines/popcorn-ceiling-removal00025.jpg,300,400,jpeg,29543,
/gallery/PopcornCeilingRemoval/popcorn-ceiling-removal1.jpg,500,667,jpeg,116399,
/gallery/PopcornCeilingRemoval/popcorn-ceiling-removal10.jpg,500,667,jpeg,236295,
/gallery/PopcornCeilingRemoval/popcorn-ceiling-removal11.jpg,500,667,jpeg,93105,
/gallery/PopcornCeilingRemoval/popcorn-ceiling-removal2.jpg,500,667,jpeg,97528,
/gallery/PopcornCeilingRemoval/popcorn-ceiling-removal3.jpg,500,667,jpeg,90251,
/gallery/PopcornCeilingRemoval/popcorn-ceiling-removal4.jpg,500,667,jpeg,101163,
/gallery/PopcornCeilingRemoval/popcorn-ceiling-removal5.jpg,500,667,jpeg,228007,
/gallery/PopcornCeilingRemoval/popcorn-ceiling-removal6.jpg,500,667,jpeg,164456,
/gallery/PopcornCeilingRemoval/popcorn-ceiling-removal7.jpg,500,353,jpeg,58586,
/gallery/PopcornCeilingRemoval/popcorn-ceiling-removal8.jpg,500,667,jpeg,88802,
/gallery/PopcornCeilingRemoval/popcorn-ceiling-removal9.jpg,500,667,jpeg,113877,
/gallery/baseboard-installation/baseboard-installation00001.jpg,464,469,jpeg,68044,
/gallery/baseboard-installation/baseboard-installation00002.jpg,481,471,jpeg,58669,
/gallery/baseboard-installation/baseboard-installation00003.jpg,492,472,jpeg,58496,
/gallery/baseboard-installation/baseboard-installation00004.jpg,489,450,jpeg,53151,
/gallery/drywall-installation/drywall-instalation-mississauga/drywall-instalation-mississdauga.webp,320,320,png,205921,
/gallery/drywall-installation/drywall-installation-hero.webp,1529,900,jpeg,454423,
/gallery/drywall-repair/drywall-repair-service00001.webp,320,320,jpeg,40781,
/gallery/drywall-repair/drywall-repair-service00002.webp,320,320,jpeg,32773,
/gallery/drywall-repair/drywall-repair-service00003.webp,240,320,jpeg,29333,
/gallery/drywall-repair/drywall-repair-service00004.webp,240,320,jpeg,35083,
/gallery/drywall-repair/drywall-repair-service00005.webp,148,320,jpeg,25001,
/gallery/drywall-repair/drywall-repair-service00007.webp,240,320,jpeg,31806,
/gallery/drywall-repair/drywall-repair.webp,1529,900,jpeg,454423,
/gallery/mississauga.jpg,4032,3024,jpeg,4236061,
/gallery/popcorn-ceiling-removal.jpeg,480,640,jpeg,75580,
/gallery/popcorn-ceiling-removal1.jpeg,533,640,jpeg,151997,
/gallery/popcorn-ceiling-removal2.jpeg,565,640,jpeg,49593,
/gallery/popcorn-ceiling-removal4.jpeg,565,640,jpeg,143388,
/gallery/popcornceilingremova3.jpeg,533,640,jpeg,124623,
/gallery/popcornceilingremoval_4230.jpeg,313,640,jpeg,64877,
/gallery/popcornceilingremoval_4231.jpeg,512,640,jpeg,43047,
/gallery/popcornceilingremoval_4232.jpeg,480,640,jpeg,68027,
/gallery/popcornceilingremoval_4233.jpeg,552,640,jpeg,36219,
/gallery/popcornceilingremoval_4234.jpeg,565,640,jpeg,50271,
/gallery/popcornceilingremoval_4235.jpeg,480,640,jpeg,55380,
/gallery/popcornceilingremoval_4236.jpeg,480,640,jpeg,63482,
/gallery/popcornceilingremoval_4238.jpeg,640,640,jpeg,46493,
/gallery/popcornceilingremoval_4240.jpeg,533,640,jpeg,83886,
/gallery/popcornceilingremoval_4241.jpeg,533,640,jpeg,22963,
/gallery/popcornceilingremoval_4244.jpeg,565,640,jpeg,23364,
/home/1.webp,1024,1024,png,1894057,
/home/2.webp,1080,1440,jpeg,740381,
/home/3.webp,600,800,jpeg,98736,
/home/4.webp,800,533,png,643939,
/home/5.webp,600,800,jpeg,134657,
/home/6.webp,600,800,jpeg,155642,
/home/7.webp,600,800,jpeg,231779,
/home/8.webp,800,533,png,590524,
/icons/house-red.png,72,80,png,7530,
/logo-mark.svg,128,128,svg,1942,
/logo.png,200,56,png,16050,
/logo1.png,170,142,png,39951,
/logomain.png,1251,350,png,33780,
/map-dot-red.svg,32,32,png,736,
/patterns/grid.svg,120,120,svg,405,
/popcor-removal-tools.png,666,1364,png,1515322,
/services/drywall/1.webp,640,427,png,404646,
/services/drywall/2.webp,640,427,png,402646,
/services/drywall/3.webp,640,427,png,394175,
/services/drywall/4.webp,640,427,png,426434,
/services/drywall/5.webp,640,427,png,400936,
/services/drywall/6.webp,640,427,png,344207,
/services/house-painter/mississauga/house-painter-mississauga-whole-home-interior.jpg,1536,1024,jpeg,242725,
/services/interior-painting/mississauga/interior-painter-mississauga-condo-finish.jpg,1731,909,jpeg,330473,
/services/painting/1.webp,1024,1024,png,1913035,
/services/painting/2.webp,1024,1024,png,1958531,
/services/painting/3.webp,1536,1024,png,3084958,
/services/painting/4.webp,1024,1536,png,2186185,
/services/painting/5.webp,1024,1024,png,1836703,
/services/painting/6.webp,1024,1024,png,1851762,
/services/popcorn-ceiling-removal/1.webp,428,571,jpeg,134273,
/services/popcorn-ceiling-removal/2.webp,380,507,jpeg,96554,
/services/popcorn-ceiling-removal/3.webp,380,507,jpeg,71046,
/services/popcorn-ceiling-removal/4.webp,380,380,jpeg,56525,
/services/popcorn-ceiling-removal/5.webp,380,507,jpeg,60895,
/services/popcorn-ceiling-removal/6.webp,432,288,png,205502,
/services/skylight-drywall-repair/skylight-drywall-repair-burlington-clean-v2.jpg,1672,941,jpeg,388868,
/services/skylight-drywall-repair/skylight-drywall-repair-burlington.jpg,1672,941,jpeg,393152,
/services/skylight-drywall-repair/skylight-drywall-repair-clean-hero-v2.jpg,1672,941,jpeg,277748,
/services/skylight-drywall-repair/skylight-drywall-repair-hamilton-clean-v2.jpg,1672,941,jpeg,223545,
/services/skylight-drywall-repair/skylight-drywall-repair-hamilton.jpg,1672,941,jpeg,267604,
/services/skylight-drywall-repair/skylight-drywall-repair-hero.jpg,1672,941,jpeg,332508,
/services/skylight-drywall-repair/skylight-drywall-repair-mississauga-clean-v2.jpg,1672,941,jpeg,263800,
/services/skylight-drywall-repair/skylight-drywall-repair-mississauga.jpg,1672,941,jpeg,284780,
/services/skylight-drywall-repair/skylight-drywall-repair-oakville-clean-v2.jpg,1672,941,jpeg,228573,
/services/skylight-drywall-repair/skylight-drywall-repair-oakville.jpg,1672,941,jpeg,283217,
/services/wallpaper-removal/1.webp,1536,1024,png,2261018,
/services/wallpaper-removal/2.webp,1536,1024,png,2417153,
/services/wallpaper-removal/3.webp,1536,1024,png,2542149,
/services/wallpaper-removal/4.webp,1536,1024,png,2514430,
/services/wallpaper-removal/5.webp,1536,1024,png,3160767,
/services/wallpaper-removal/6.webp,600,800,jpeg,98736,
/sms/og-card1-3 copy.jpg,1200,630,jpeg,117972,
/sms/og-card1-3.jpg,1200,630,jpeg,117972,
/sms/og-card2.jpg,1200,630,jpeg,99150,
