document,image,declared,local_file_dimensions,remote_host_requires_verification
.next/server/app/skylight-drywall-repair/hamilton.html,https://epfproservices.com/services/skylight-drywall-repair/skylight-drywall-repair-hamilton-clean-v2.jpg,"['1200', '630']","[1672, 941]",False
.next/server/app/skylight-drywall-repair/oakville.html,https://epfproservices.com/services/skylight-drywall-repair/skylight-drywall-repair-oakville-clean-v2.jpg,"['1200', '630']","[1672, 941]",False
.next/server/app/skylight-drywall-repair/burlington.html,https://epfproservices.com/services/skylight-drywall-repair/skylight-drywall-repair-burlington-clean-v2.jpg,"['1200', '630']","[1672, 941]",False
.next/server/app/skylight-drywall-repair/mississauga.html,https://epfproservices.com/services/skylight-drywall-repair/skylight-drywall-repair-mississauga-clean-v2.jpg,"['1200', '630']","[1672, 941]",False
.next/server/app/popcorn-ceiling-removal/st-catharines.html,https://epfproservices.ca/gallery/Popcorn-ceiling-removal-stcatharines/popcorn-ceiling-removal00001.jpg,"['1200', '630']","[899, 1200]",True
.next/server/app/popcorn-ceiling-removal/grimsby.html,https://epfproservices.ca/gallery/PopcornCeilingRemoval/popcorn-ceiling-removal1.jpg,"['1200', '630']","[500, 667]",True
.next/server/app/popcorn-ceiling-removal/hamilton/dundas.html,https://epfproservices.com/services/popcorn-ceiling-removal/1.webp,"['1200', '630']","[428, 571]",False
.next/server/app/locations/drywall-repair-mississauga/churchill-meadows.html,https://epfproservices.com/gallery/drywall-repair/drywall-repair-service00001.webp,"['1200', '630']","[320, 320]",False
.next/server/app/locations/drywall-repair-mississauga/streetsville.html,https://epfproservices.com/gallery/drywall-repair/drywall-repair-service00001.webp,"['1200', '630']","[320, 320]",False
.next/server/app/locations/drywall-repair-mississauga/city-centre.html,https://epfproservices.com/gallery/drywall-repair/drywall-repair-service00001.webp,"['1200', '630']","[320, 320]",False
.next/server/app/locations/drywall-repair-mississauga/cooksville.html,https://epfproservices.com/gallery/drywall-repair/drywall-repair-service00001.webp,"['1200', '630']","[320, 320]",False
.next/server/app/locations/drywall-repair-mississauga/port-credit.html,https://epfproservices.com/gallery/drywall-repair/drywall-repair-service00001.webp,"['1200', '630']","[320, 320]",False
.next/server/app/locations/drywall-repair-mississauga/lorne-park.html,https://epfproservices.com/gallery/drywall-repair/drywall-repair-service00001.webp,"['1200', '630']","[320, 320]",False
.next/server/app/locations/drywall-repair-mississauga/clarkson.html,https://epfproservices.com/gallery/drywall-repair/drywall-repair-service00001.webp,"['1200', '630']","[320, 320]",False
.next/server/app/locations/drywall-repair-mississauga/meadowvale.html,https://epfproservices.com/gallery/drywall-repair/drywall-repair-service00001.webp,"['1200', '630']","[320, 320]",False
.next/server/app/locations/drywall-repair-mississauga/erin-mills.html,https://epfproservices.com/gallery/drywall-repair/drywall-repair-service00001.webp,"['1200', '630']","[320, 320]",False
.next/server/app/services/skylight-drywall-repair.html,https://epfproservices.com/services/skylight-drywall-repair/skylight-drywall-repair-clean-hero-v2.jpg,"['1200', '630']","[1672, 941]",False
.next/server/app/services/popcorn-ceiling-removal.html,https://epfproservices.com/services/popcorn-ceiling-removal/1.webp,"['1200', '630']","[428, 571]",False
.next/server/app/services/drywall-contractor.html,https://epfproservices.com/gallery/drywall-installation/drywall-installation-hero.webp,"['1200', '630']","[1529, 900]",False
.next/server/app/services/drywall-repair.html,https://epfproservices.com/gallery/drywall-repair/drywall-repair-service00001.webp,"['1200', '630']","[320, 320]",False
.next/server/app/services/drywall-installation.html,https://epfproservices.com/gallery/drywall-installation/drywall-installation-hero.webp,"['1200', '630']","[1529, 900]",False
.next/server/app/services/drywall-contractor/toronto.html,https://epfproservices.com/gallery/drywall-installation/drywall-installation-hero.webp,"['1200', '630']","[1529, 900]",False
.next/server/app/services/drywall-contractor/hamilton.html,https://epfproservices.com/gallery/drywall-installation/drywall-installation-hero.webp,"['1200', '630']","[1529, 900]",False
.next/server/app/services/drywall-contractor/oakville.html,https://epfproservices.com/gallery/drywall-installation/drywall-installation-hero.webp,"['1200', '630']","[1529, 900]",False
.next/server/app/services/drywall-contractor/burlington.html,https://epfproservices.com/gallery/drywall-installation/drywall-installation-hero.webp,"['1200', '630']","[1529, 900]",False
.next/server/app/services/drywall-contractor/mississauga.html,https://epfproservices.com/gallery/drywall-installation/drywall-installation-hero.webp,"['1200', '630']","[1529, 900]",False
.next/server/app/services/drywall-contractor/grimsby.html,https://epfproservices.com/gallery/drywall-installation/drywall-installation-hero.webp,"['1200', '630']","[1529, 900]",False
.next/server/app/services/drywall-repair/milton.html,https://epfproservices.com/gallery/drywall-repair/drywall-repair.webp,"['1200', '630']","[1529, 900]",False
.next/server/app/services/drywall-repair/oakville.html,https://epfproservices.com/gallery/drywall-repair/drywall-repair.webp,"['1200', '630']","[1529, 900]",False
.next/server/app/services/drywall-installation/hamilton.html,https://epfproservices.com/services/drywall/3.webp,"['1200', '630']","[640, 427]",False
.next/server/app/services/drywall-installation/oakville.html,https://epfproservices.com/services/drywall/4.webp,"['1200', '630']","[640, 427]",False
.next/server/app/services/drywall-installation/burlington.html,https://epfproservices.com/services/drywall/1.webp,"['1200', '630']","[640, 427]",False
.next/server/app/services/drywall-installation/mississauga.html,https://epfproservices.com/gallery/drywall-installation/drywall-instalation-mississauga/drywall-instalation-mississdauga.webp,"['1200', '630']","[320, 320]",False
.next/server/app/services/drywall-installation/grimsby.html,https://epfproservices.com/services/drywall/2.webp,"['1200', '630']","[640, 427]",False
